"First Name","Last Name","Email","Username","Category","Status"
"Sirine","Belhadj","sirine.belhadj@carthagelog.tn","sirine.belhadj","","false"
"Fares","Mannai","fares.mannai@carthagelog.tn","fares.mannai","","false"
"Hatem","Khemiri","hatem.khemiri@carthagelog.tn","hatem.khemiri","","false"
"Tarek","Masmoudi","tarek.masmoudi@carthagelog.tn","tarek.masmoudi","","false"
"Emna","Belhaj","emna.belhaj@carthagelog.tn","emna.belhaj","","false"
"Hela","Gharbi","hela.gharbi@carthagelog.tn","hela.gharbi","","false"
"Mariem","Benzarti","mariem.benzarti@carthagelog.tn","mariem.benzarti","","false"
"Omar","Bouslama","omar.bouslama@carthagelog.tn","omar.bouslama","","false"
"Rania","Maaloul","rania.maaloul@carthagelog.tn","rania.maaloul","","false"
"Mehdi","Chaabane","mehdi.chaabane@carthagelog.tn","mehdi.chaabane","","false"